Date,Cured,Death,Confirmed,Total_Confirmed_cases_Indian_National,Total_Confirmed_cases_Foreign_National,Active cases,%Death rate,%Cure rate,%Active rate,Daily_cases
30-01-2020,0,0,1,1.0,0.0,1,0.0,0.0,100.0,1
31-01-2020,0,0,1,1.0,0.0,1,0.0,0.0,100.0,0
01-02-2020,0,0,2,2.0,0.0,2,0.0,0.0,100.0,1
02-02-2020,0,0,3,3.0,0.0,3,0.0,0.0,100.0,1
03-02-2020,0,0,3,3.0,0.0,3,0.0,0.0,100.0,0
04-02-2020,0,0,3,3.0,0.0,3,0.0,0.0,100.0,0
05-02-2020,0,0,3,3.0,0.0,3,0.0,0.0,100.0,0
06-02-2020,0,0,3,3.0,0.0,3,0.0,0.0,100.0,0
07-02-2020,0,0,3,3.0,0.0,3,0.0,0.0,100.0,0
08-02-2020,0,0,3,3.0,0.0,3,0.0,0.0,100.0,0
09-02-2020,0,0,3,3.0,0.0,3,0.0,0.0,100.0,0
10-02-2020,0,0,3,3.0,0.0,3,0.0,0.0,100.0,0
11-02-2020,0,0,3,3.0,0.0,3,0.0,0.0,100.0,0
12-02-2020,0,0,3,3.0,0.0,3,0.0,0.0,100.0,0
13-02-2020,0,0,3,3.0,0.0,3,0.0,0.0,100.0,0
14-02-2020,0,0,3,3.0,0.0,3,0.0,0.0,100.0,0
15-02-2020,0,0,3,3.0,0.0,3,0.0,0.0,100.0,0
16-02-2020,0,0,3,3.0,0.0,3,0.0,0.0,100.0,0
17-02-2020,0,0,3,3.0,0.0,3,0.0,0.0,100.0,0
18-02-2020,0,0,3,3.0,0.0,3,0.0,0.0,100.0,0
19-02-2020,0,0,3,3.0,0.0,3,0.0,0.0,100.0,0
20-02-2020,0,0,3,3.0,0.0,3,0.0,0.0,100.0,0
21-02-2020,0,0,3,3.0,0.0,3,0.0,0.0,100.0,0
22-02-2020,0,0,3,3.0,0.0,3,0.0,0.0,100.0,0
23-02-2020,0,0,3,3.0,0.0,3,0.0,0.0,100.0,0
24-02-2020,0,0,3,3.0,0.0,3,0.0,0.0,100.0,0
25-02-2020,0,0,3,3.0,0.0,3,0.0,0.0,100.0,0
26-02-2020,0,0,3,3.0,0.0,3,0.0,0.0,100.0,0
27-02-2020,0,0,3,3.0,0.0,3,0.0,0.0,100.0,0
28-02-2020,0,0,3,3.0,0.0,3,0.0,0.0,100.0,0
29-02-2020,0,0,3,3.0,0.0,3,0.0,0.0,100.0,0
01-03-2020,0,0,3,3.0,0.0,3,0.0,0.0,100.0,0
02-03-2020,0,0,5,5.0,0.0,5,0.0,0.0,100.0,2
03-03-2020,3,0,6,6.0,0.0,3,0.0,50.0,50.0,1
04-03-2020,3,0,28,14.0,14.0,25,0.0,10.714285714285714,89.28571428571429,22
05-03-2020,3,0,30,16.0,14.0,27,0.0,10.0,90.0,2
06-03-2020,3,0,31,17.0,14.0,28,0.0,9.67741935483871,90.32258064516128,1
07-03-2020,3,0,34,20.0,14.0,31,0.0,8.823529411764707,91.17647058823529,3
08-03-2020,3,0,39,25.0,14.0,36,0.0,7.6923076923076925,92.3076923076923,5
09-03-2020,3,0,46,32.0,14.0,43,0.0,6.521739130434782,93.47826086956522,7
10-03-2020,3,0,58,44.0,14.0,55,0.0,5.172413793103448,94.82758620689656,12
11-03-2020,3,0,60,44.0,16.0,57,0.0,5.0,95.0,2
12-03-2020,3,0,74,57.0,17.0,71,0.0,4.054054054054054,95.94594594594594,14
13-03-2020,3,1,81,64.0,17.0,77,1.2345679012345678,3.7037037037037033,95.06172839506173,7
14-03-2020,10,2,84,67.0,17.0,72,2.380952380952381,11.904761904761903,85.71428571428571,3
15-03-2020,13,2,110,93.0,17.0,95,1.8181818181818181,11.818181818181818,86.36363636363636,26
16-03-2020,13,2,114,97.0,17.0,99,1.7543859649122806,11.403508771929824,86.8421052631579,4
17-03-2020,14,3,137,113.0,24.0,120,2.18978102189781,10.218978102189782,87.59124087591242,23
18-03-2020,14,3,151,126.0,25.0,134,1.9867549668874174,9.271523178807946,88.74172185430463,14
19-03-2020,20,4,173,148.0,25.0,149,2.312138728323699,11.560693641618498,86.1271676300578,22
20-03-2020,23,4,223,191.0,32.0,196,1.7937219730941705,10.31390134529148,87.89237668161435,50
21-03-2020,23,4,283,242.0,41.0,256,1.4134275618374559,8.12720848056537,90.45936395759718,60
22-03-2020,24,7,360,317.0,43.0,329,1.9444444444444444,6.666666666666667,91.38888888888889,77
23-03-2020,24,7,433,391.0,42.0,402,1.6166281755196306,5.542725173210162,92.8406466512702,73
24-03-2020,40,9,519,472.0,47.0,470,1.7341040462427744,7.7071290944123305,90.5587668593449,86
25-03-2020,43,10,606,563.0,43.0,553,1.65016501650165,7.095709570957095,91.25412541254126,87
26-03-2020,45,15,694,647.0,47.0,634,2.161383285302594,6.484149855907781,91.35446685878964,88
27-03-2020,67,17,724,677.0,47.0,640,2.3480662983425415,9.25414364640884,88.39779005524862,30
28-03-2020,80,19,909,862.0,47.0,810,2.0902090209020905,8.800880088008801,89.10891089108911,185
29-03-2020,96,27,1024,938.0,86.0,901,2.63671875,9.375,87.98828125,115
30-03-2020,102,31,1251,1197.0,54.0,1118,2.478017585931255,8.15347721822542,89.36850519584333,227
31-03-2020,124,35,1397,1349.0,48.0,1238,2.505368647100931,8.876163206871867,88.6184681460272,146
01-04-2020,144,41,1834,1754.0,80.0,1649,2.2355507088331517,7.851690294438386,89.91275899672846,437
02-04-2020,156,53,2069,2002.0,67.0,1860,2.5616239729337846,7.5398743354277435,89.89850169163847,235
03-04-2020,163,62,2547,2499.0,48.0,2322,2.434236356497841,6.399685904986259,91.16607773851591,478
04-04-2020,213,75,3072,3024.0,48.0,2784,2.44140625,6.93359375,90.625,525
05-04-2020,275,83,3577,3529.0,48.0,3219,2.3203802068772714,7.688006709533128,89.99161308358961,505
06-04-2020,319,111,4281,4215.0,66.0,3851,2.592852137351086,7.451530016351319,89.9556178462976,704
07-04-2020,353,124,4789,4723.0,66.0,4312,2.589267070369597,7.371058676132804,90.03967425349761,508
08-04-2020,411,149,5274,5208.0,66.0,4714,2.825180128934395,7.792946530147896,89.3818733409177,485
09-04-2020,478,169,5865,5794.0,71.0,5218,2.8815004262574595,8.15004262574595,88.96845694799659,591
10-04-2020,516,206,6761,6690.0,71.0,6039,3.046886555243307,7.632007099541488,89.32110634521521,896
11-04-2020,653,242,7529,7458.0,71.0,6634,3.214238278655864,8.6731305618276,88.11263115951654,768
12-04-2020,765,273,8447,8376.0,71.0,7409,3.231916656801231,9.056469752574879,87.7116135906239,918
13-04-2020,980,324,9352,9291.0,61.0,8048,3.4644995722840037,10.479041916167663,86.05645851154833,905
14-04-2020,1190,353,10815,10739.0,76.0,9272,3.2639852057327787,11.003236245954692,85.73277854831252,1463
15-04-2020,1344,392,11933,11857.0,76.0,10197,3.2850079611162326,11.262884438112797,85.45210760077097,1118
16-04-2020,1515,420,12759,12683.0,76.0,10824,3.2917940277451208,11.87397131436633,84.83423465788856,826
17-04-2020,1767,452,13835,13759.0,76.0,11616,3.2670762558727864,12.771955186122156,83.96096855800505,1076
18-04-2020,2015,488,14792,14716.0,76.0,12289,3.299080584099513,13.622228231476473,83.07869118442402,957
19-04-2020,2302,519,16116,16040.0,76.0,13295,3.220402084884587,14.283941424671134,82.49565649044428,1324
20-04-2020,2842,559,17656,17580.0,76.0,14255,3.166062528318985,16.09651110104214,80.73742637063887,1540
21-04-2020,3260,603,18985,18908.0,77.0,15122,3.1761917303134055,17.171451145641296,79.65235712404531,1329
22-04-2020,3960,652,20471,20394.0,77.0,15859,3.184993405305066,19.344438473938744,77.47056812075618,1486
23-04-2020,4325,686,21700,21623.0,77.0,16689,3.1612903225806455,19.930875576036865,76.90783410138249,1229
24-04-2020,4814,723,23452,23375.0,77.0,17915,3.0828927170390585,20.527033941668087,76.39007334129285,1752
25-04-2020,5210,779,24893,24782.0,111.0,18904,3.1293938054874864,20.92957859639256,75.94102759811994,1441
26-04-2020,5914,826,26605,26494.0,111.0,19865,3.1046795715091147,22.228904341289233,74.66641608720165,1712
27-04-2020,6362,886,28160,28049.0,111.0,20912,3.1463068181818183,22.592329545454547,74.26136363636363,1555
28-04-2020,7027,937,29834,29723.0,111.0,21870,3.140711939398002,23.553663605282562,73.30562445531943,1674
29-04-2020,7797,1008,31709,31598.0,111.0,22904,3.1789081964111134,24.58923334069192,72.23185846289697,1875
30-04-2020,8373,1075,33330,33219.0,111.0,23882,3.2253225322532253,25.12151215121512,71.65316531653166,1621
01-05-2020,9065,1152,34972,34861.0,111.0,24755,3.2940638224865606,25.920736589271414,70.78519958824202,1642
02-05-2020,9951,1218,37454,37343.0,111.0,26285,3.2519891066374753,26.568590804720454,70.17942008864206,2482
03-05-2020,10887,1306,40124,40013.0,111.0,27931,3.254909779682983,27.13338650184428,69.61170371847274,2670
04-05-2020,11762,1389,42836,42725.0,111.0,29685,3.242599682510038,27.45821271827435,69.29918759921561,2712
05-05-2020,13161,1583,46711,46600.0,111.0,31967,3.388923379931922,28.175376249705636,68.43570037036244,3875
06-05-2020,14183,1694,49391,49280.0,111.0,33514,3.4297746553015735,28.715757931606973,67.85446741309146,2680
07-05-2020,15267,1783,52952,52841.0,111.0,35902,3.3672004834567155,28.831772171022813,67.80102734552047,3561
08-05-2020,16540,1886,56342,56231.0,111.0,37916,3.3474140073124845,29.3564303716588,67.29615562102872,3390
09-05-2020,17847,1981,59662,59551.0,111.0,39834,3.3203714256980996,29.913512788709735,66.76611578559218,3320
10-05-2020,19358,2109,62939,62828.0,111.0,41472,3.3508635345334374,30.75676448624859,65.89237197921798,3277
11-05-2020,20917,2206,67152,67041.0,111.0,44029,3.2850845842268286,31.148737193233263,65.5661782225399,4213
12-05-2020,22455,2293,70756,70645.0,111.0,46008,3.240714568375827,31.735824523715305,65.02346090790887,3604
13-05-2020,24386,2415,74281,74170.0,111.0,47480,3.251167862575894,32.8293910959734,63.91944104145071,3525
14-05-2020,26235,2549,78003,77892.0,111.0,49219,3.26782303244747,33.63332179531556,63.098855172236966,3722
15-05-2020,27920,2649,81970,81859.0,111.0,51401,3.2316701232158107,34.0612419177748,62.707087959009385,3967
16-05-2020,30153,2752,85710,85599.0,111.0,52805,3.210827208027068,35.18025901295065,61.60891377902229,3740
17-05-2020,34109,2872,90637,90526.0,111.0,53656,3.1686838708253804,37.63253417478513,59.19878195438949,4927
18-05-2020,36824,3029,95759,95648.0,111.0,55906,3.1631491556929374,38.45487108261364,58.381979761693415,5122
19-05-2020,39174,3163,100325,100214.0,111.0,57988,3.1527535509593823,39.047096934961374,57.800149514079244,4566
20-05-2020,42298,3303,106750,106639.0,111.0,61149,3.094145199063232,39.623419203747076,57.282435597189696,6425
21-05-2020,45300,3435,112359,112247.0,112.0,63624,3.0571649801084027,40.31719755426801,56.625637465623576,5609
22-05-2020,48534,3583,118447,118336.0,111.0,66330,3.0249816373567926,40.975288525669704,55.9997298369735,6088
23-05-2020,51784,3720,125101,124983.0,118.0,69597,2.9735973333546495,41.39375384689171,55.63264881975364,6654
24-05-2020,54441,3867,131868,131757.0,111.0,73560,2.932477932477932,41.28446628446628,55.78305578305578,6767
25-05-2020,57721,4021,138845,138722.0,123.0,77103,2.8960351471064856,41.57225683315928,55.53170801973424,6977
26-05-2020,60491,4167,145380,145259.0,121.0,80722,2.866281469252992,41.60888705461549,55.52483147613152,6535
27-05-2020,64426,4337,151767,151653.0,114.0,83004,2.857669980957652,42.45059861498218,54.69173140406017,6387
28-05-2020,67692,4531,158333,158220.0,113.0,86110,2.861690235137337,42.752932111436024,54.38537765342664,6566
29-05-2020,71106,4706,165799,165688.0,111.0,89987,2.8383765885198344,42.8868690402234,54.27475437125676,7466
30-05-2020,82370,4971,173763,173648.0,115.0,86422,2.8607931492895493,47.40364749687793,49.73555935383252,7964
31-05-2020,86984,5164,182143,182031.0,112.0,89995,2.8351350312666423,47.75588411303207,49.40898085570129,8380
01-06-2020,91819,5394,190535,190424.0,111.0,93322,2.8309759361797044,48.19009630776498,48.97892775605532,8392
02-06-2020,95527,5598,198706,198581.0,125.0,97581,2.8172274616770507,48.07454228860729,49.10823024971566,8171
03-06-2020,100303,5815,207615,207499.0,116.0,101497,2.800857356164054,48.312019844423574,48.887122799412374,8909
04-06-2020,104107,6075,216919,216805.0,114.0,106737,2.8005845499933155,47.99349065780314,49.20592479220354,9304
05-06-2020,109462,6348,226770,226659.0,111.0,110960,2.7993120783172376,48.27005335802796,48.930634563654806,9851
06-06-2020,114073,6642,236657,236536.0,121.0,115942,2.8065935087489486,48.201827961987185,48.991578529263876,9887
07-06-2020,119293,6929,246628,246511.0,117.0,120406,2.8094944612939323,48.36960929010494,48.82089624860113,9971
08-06-2020,124095,7135,256611,256491.0,120.0,125381,2.7804731675571195,48.35918959046962,48.86033724197326,9983
09-06-2020,129215,7466,266598,266484.0,114.0,129917,2.8004711213137385,48.46810553717582,48.731423341510435,9987
10-06-2020,135206,7745,276583,276465.0,118.0,133632,2.8002444112617186,48.884421674506385,48.31533391423189,9985
11-06-2020,141029,8102,286579,286458.0,121.0,137448,2.8271436497440496,49.21121226607672,47.961644084179234,9996
12-06-2020,147195,8498,297535,297436.0,99.0,141842,2.856134572403247,49.47149074898751,47.672374678609245,10956
13-06-2020,154330,8884,308993,308882.0,111.0,145779,2.8751460389070305,49.94611528416502,47.178738676927956,11458
14-06-2020,162379,9195,320922,320805.0,117.0,149348,2.865182193804102,50.59765301225843,46.53716479393747,11929
15-06-2020,169798,9520,332424,332299.0,125.0,153106,2.8638124804466583,51.078742810386736,46.0574447091666,11502
16-06-2020,180013,9900,343091,342973.0,118.0,153178,2.8855318268331143,52.4680041155262,44.646464057640685,10667
17-06-2020,186935,11903,354065,353927.0,138.0,155227,3.3618120966489204,52.79680284693489,43.84138505641619,10974
18-06-2020,194325,12237,366946,366808.0,138.0,160384,3.334823107487205,52.95738337521052,43.70779351730227,12881
19-06-2020,204711,12573,380532,380413.0,119.0,163248,3.3040585285862947,53.79600138753114,42.89994008388256,13586
20-06-2020,213831,12948,395048,394841.0,207.0,168269,3.2775763957797537,54.127852817885426,42.59457078633482,14516
21-06-2020,227756,13254,410461,410309.0,152.0,169451,3.229052212025016,55.48785390085782,41.28309388711717,15413
22-06-2020,237196,13699,425282,425125.0,157.0,174387,3.2211567853800536,55.77381596211455,41.00502725250539,14821
23-06-2020,248190,14011,440215,440043.0,172.0,178014,3.1827629680951355,56.379269220721696,40.43796781118317,14933
24-06-2020,258685,14476,456183,456011.0,172.0,183022,3.1732879129647533,56.706409489174305,40.12030259786095,15968
25-06-2020,271697,14894,473105,472840.0,265.0,186514,3.1481383625199477,57.42847782204797,39.423383815432096,16922
26-06-2020,285637,15301,490401,490208.0,193.0,189463,3.1200996735324766,58.24559900978995,38.63430131667758,17296
27-06-2020,295881,15685,508953,508757.0,196.0,197387,3.0818169850654185,58.13523056156462,38.78295245336996,18552
28-06-2020,309713,16095,528859,528651.0,208.0,203051,3.0433442562195214,58.562490191147354,38.39416555263312,19906
29-06-2020,321723,16475,548318,548112.0,206.0,210120,3.0046432909370107,58.674528284681514,38.32082842438147,19459
30-06-2020,334822,16893,566840,566627.0,213.0,215125,2.9802060546185873,59.068167384094274,37.951626561287135,18522
01-07-2020,347979,17400,585493,585260.0,233.0,220114,2.971854488439657,59.433503047858814,37.594642463701526,18653
02-07-2020,359860,17834,604641,604419.0,222.0,226947,2.949518805373767,59.51630802410025,37.53417317052598,19148
03-07-2020,379892,18213,625544,625318.0,226.0,227439,2.9115457905439106,60.729860729221286,36.3585934802348,20903
04-07-2020,394227,18655,648315,648074.0,241.0,235433,2.8774592597734125,60.80794058443813,36.31460015578847,22771
05-07-2020,409083,19268,673165,672918.0,247.0,244814,2.862299733349179,60.77009351347738,36.36760675317344,24850
06-07-2020,424433,19693,697413,697154.0,259.0,253287,2.8237213817350693,60.85820023429446,36.31807838397047,24248
07-07-2020,439948,20160,719665,719405.0,260.0,259557,2.8013033842134885,61.1323324046605,36.066364211126015,22252
08-07-2020,456831,20642,742417,742086.0,331.0,264944,2.780378143280663,61.53293903560937,35.68668282110997,22752
09-07-2020,476378,21129,767296,766981.0,315.0,269789,2.7536960964217196,62.08529693886062,35.16100696471766,24879
10-07-2020,495516,21604,793802,793485.0,317.0,276682,2.7215854835336772,62.42312314657812,34.85529136988821,26506
11-07-2020,515386,22123,820916,820575.0,341.0,283407,2.694916410448816,62.78181933352499,34.523264256026195,27114
12-07-2020,534621,22674,849553,849203.0,350.0,292258,2.6689329565077164,62.929681844452325,34.401385199039964,28637
13-07-2020,553471,23174,878254,877903.0,351.0,301609,2.63864440127799,63.01946817207779,34.34188742664423,28701
14-07-2020,571460,23727,906752,906393.0,359.0,311565,2.616702251552795,63.02274491812535,34.36055283032185,28498
15-07-2020,592032,24309,936181,935810.0,371.0,319840,2.5966132617517337,63.23905313181959,34.16433360642867,29429
16-07-2020,612815,24915,968876,968495.0,381.0,331146,2.571536502091083,63.25009598751543,34.178367510393485,32695
17-07-2020,635757,25602,1003832,1003445.0,387.0,342473,2.5504267646379075,63.3330079136748,34.11656532168729,34956
18-07-2020,653751,26273,1038716,1038312.0,404.0,358692,2.5293728025754874,62.9383777663962,34.532249431028305,34884
19-07-2020,677423,26816,1077618,1077206.0,412.0,373379,2.488451380730463,62.862999690057144,34.64854892921239,38902
20-07-2020,700087,27497,1118043,1117630.0,413.0,390459,2.4593866246647043,62.61718019789937,34.92343317743593,40425
21-07-2020,724578,28084,1155191,1154738.0,453.0,402529,2.4311131232843746,62.72365349106771,34.845233385647916,37148
22-07-2020,753050,28732,1192915,1192451.0,464.0,411133,2.40855383661032,63.1268782771614,34.46456788622827,37724
23-07-2020,782607,29861,1238635,1238157.0,478.0,426167,2.4107989843658544,63.18302001800369,34.40618099763045,45720
24-07-2020,817209,30601,1287945,1287449.0,496.0,440135,2.3759554949939634,63.45061318612208,34.17343131888396,49310
25-07-2020,849432,31358,1336861,1336342.0,519.0,456071,2.3456440123543136,63.53929092104564,34.11506506660004,48916
26-07-2020,885577,32063,1385522,1384993.0,529.0,467882,2.3141458598275597,63.91648779304839,33.76936634712405,48661
27-07-2020,917568,32771,1435453,1434885.0,568.0,485114,2.2829726922441904,63.92184209444684,33.79518521330897,49931
28-07-2020,952743,33425,1483156,1482572.0,584.0,496988,2.2536402104701057,64.23754480310905,33.50881498642085,47703
29-07-2020,988029,34193,1531669,1531067.0,602.0,509447,2.2324013869837414,64.50669171994733,33.260906893068935,48513
30-07-2020,1020582,34968,1583792,1583168.0,624.0,528242,2.207865679331629,64.43914352389709,33.352990796771294,52123
31-07-2020,1057805,35747,1638870,1638227.0,643.0,545318,2.181198020587356,64.54477780421875,33.27402417519389,55078
01-08-2020,1094374,36511,1695988,1695327.0,661.0,565103,2.1527864583947527,64.5272254284818,33.31998811312344,57118
02-08-2020,1145629,37364,1750723,1750039.0,684.0,567730,2.1342039831543884,65.43747925856917,32.42831675827644,54735
03-08-2020,1186203,38135,1803695,1802992.0,703.0,579357,2.1142709826217847,65.76516539658867,32.12056362078955,52972
04-08-2020,1230509,38938,1855745,1854997.0,748.0,586298,2.098240868222735,66.30808650973059,31.59367262204667,52050
05-08-2020,1282215,39795,1908254,1907480.0,774.0,586244,2.085414205865676,67.19309903188989,30.72148676224444,52509
06-08-2020,1328336,40699,1964536,1963742.0,794.0,595501,2.0716851205577296,67.61576270427216,30.312552175170115,56282
07-08-2020,1378105,41585,2027074,2026267.0,807.0,607384,2.051479127057029,67.98493789570583,29.96358297723714,62538
08-08-2020,1427005,42518,2088611,2087782.0,829.0,619088,2.035706984211038,68.32315830951767,29.6411347062713,61537
09-08-2020,1480884,43379,2153010,2152171.0,839.0,628747,2.0148071769290437,68.78203073836164,29.203162084709316,64399
10-08-2020,1535743,44386,2215074,2214180.0,894.0,634945,2.003815673878164,69.3314534864298,28.664730839692037,62064
11-08-2020,1583489,45257,2268675,2267757.0,918.0,639929,1.9948648440168821,69.79796577297321,28.207169383009905,53601
12-08-2020,1639599,46091,2329638,2328701.0,937.0,643948,1.9784618897871686,70.37999036760218,27.641547742610655,60963
13-08-2020,1695982,47033,2396637,2395678.0,959.0,653622,1.9624582279252136,70.76507622973358,27.272465542341205,66999
14-08-2020,1751555,48040,2461190,2460203.0,987.0,661595,1.9519013160300505,71.16699645293536,26.881102231034582,64553
15-08-2020,1808936,49036,2526192,2525183.0,1009.0,668220,1.9411034474022562,71.60722542071228,26.451671131885462,65002
16-08-2020,1862258,49980,2589682,2588649.0,1033.0,677444,1.9299666908910051,71.91068246989398,26.159350839215005,63490
17-08-2020,1919842,50921,2647663,2646612.0,1051.0,676900,1.923243252634493,72.51081425392884,25.565942493436665,57981
18-08-2020,1977779,51797,2702742,2702576.0,166.0,673166,1.9164611346551021,73.176759009924,24.9067798554209,55079
19-08-2020,2037870,52889,2767273,2767087.0,186.0,676514,1.911231743308304,73.64181271598429,24.446955540707403,64531
20-08-2020,2096664,53866,2836925,2836806.0,119.0,686395,1.8987460013923527,73.90621888135922,24.195035117248427,69652
21-08-2020,2158946,54849,2905823,2905682.0,141.0,692028,1.8875547478287562,74.29723007905162,23.81521517311963,68898
22-08-2020,2222577,55794,2975701,2975589.0,112.0,697330,1.8749867678237835,74.69087115943437,23.43414207274185,69878
23-08-2020,2280566,56706,3044940,3044829.0,111.0,707668,1.8623027054720291,74.89691094077388,23.240786353754096,69239
24-08-2020,2338035,57542,3106348,3106156.0,192.0,710771,1.8524003105897986,75.26635779378228,22.88124189562792,61408
25-08-2020,2404585,58390,3167323,3167212.0,111.0,704348,1.8435126445897687,75.91852804402961,22.23795931138062,60975
26-08-2020,2467758,59449,3234474,3234366.0,108.0,707267,1.8379804567914289,76.29549657842357,21.866522964785002,67151
27-08-2020,2523771,60472,3310234,3310119.0,115.0,725991,1.8268194937276339,76.24146812581829,21.931712380454073,75760
28-08-2020,2583948,61529,3387500,3387389.0,111.0,742023,1.8163542435424354,76.27890774907749,21.90473800738007,77266
29-08-2020,2648998,62550,3463972,3463861.0,111.0,752424,1.8057305313091445,76.47284677820721,21.721422690483642,76472
30-08-2020,2713933,63498,3542733,3542616.0,117.0,765302,1.7923450624136787,76.60563186669727,21.602023070889057,78761
31-08-2020,2774801,64469,3621245,3621134.0,111.0,781975,1.7802993169476244,76.62560804364244,21.594092639409926,78512
01-09-2020,2839882,65288,3691166,3691055.0,111.0,785996,1.7687635831062598,76.93726047541617,21.293975941477573,69921
02-09-2020,2901908,66333,3769523,3768219.0,1304.0,801282,1.7597186699749543,76.98342734611249,21.256853983912556,78357
03-09-2020,2970492,67376,3853406,3853290.0,116.0,815538,1.7484791376771613,77.08743900850313,21.16408185381971,83883
04-09-2020,3037151,68472,3936747,3934186.0,2561.0,831124,1.7393040497649455,77.14874743030222,21.111948519932827,83341
05-09-2020,3107223,69561,4023179,4023093.0,86.0,846395,1.7290058433890216,77.23302890574841,21.037965250862563,86432
06-09-2020,3180865,70626,4113811,4113725.0,86.0,862320,1.7168022546490347,77.32161249021893,20.961585255132043,90632
07-09-2020,3250429,71642,4204613,4204526.0,87.0,882542,1.703890465067772,77.3062586259425,20.98985090898972,90802
08-09-2020,3323950,72775,4280422,4280338.0,84.0,883697,1.700182832440353,77.65472656667964,20.645090600880007,75809
09-09-2020,3398844,73890,4370128,4370062.0,66.0,897394,1.6907971574287983,77.77447250972969,20.53473033284151,89706
10-09-2020,3471783,75062,4465863,4465790.0,73.0,919018,1.6807949549728685,77.74047255815954,20.578732486867597,95735
11-09-2020,3542663,76271,4562414,4562336.0,78.0,943480,1.671724661549785,77.64887184722824,20.67940349122197,96551
12-09-2020,3624196,77472,4659984,4659906.0,78.0,958316,1.6624949785235315,77.7727133827069,20.564791638769574,97570
13-09-2020,3702595,78586,4754356,4754314.0,42.0,973175,1.6529262848638178,77.87795024184138,20.469123473294808,94372
14-09-2020,3780107,79722,4846427,4846369.0,58.0,986598,1.6449644243068142,77.99781158366773,20.357223992025467,92071
15-09-2020,3859399,80776,4930236,4930192.0,44.0,990061,1.638379988300763,78.2802080874019,20.081411924297335,83809
16-09-2020,3942360,82066,5020359,5020355.0,4.0,995933,1.634663975225676,78.52745192126699,19.83788410350734,90123
17-09-2020,4025079,83198,5118253,5118217.0,36.0,1009976,1.6255155811953808,78.64165761247051,19.732826806334113,97894
18-09-2020,4112551,84372,5214677,5214601.0,76.0,1017754,1.6179717363127188,78.86492298564227,19.517105278045026,96424
19-09-2020,4208431,85619,5308014,5308005.0,9.0,1013964,1.6130138315385,79.2844743815672,19.102511786894308,93337
20-09-2020,4303043,86752,5400619,5400571.0,48.0,1010824,1.6063343850029044,79.67684815388755,18.71681746110955,92605
21-09-2020,4396399,87882,5487580,5487580.0,0.0,1003299,1.6014709580543702,80.11544250835523,18.2830865335904,86961
22-09-2020,4497867,88935,5562663,5562644.0,19.0,975861,1.5987846108958963,80.85816092040808,17.543054468696017,75083
23-09-2020,4587613,90020,5646010,5646001.0,9.0,968377,1.5944002933044752,81.25407145931375,17.15152824738178,83347
24-09-2020,4674987,91149,5732518,5732517.0,1.0,966382,1.5900342571972734,81.55206839298194,16.857897349820796,86508
25-09-2020,4756164,92290,5818570,5818552.0,18.0,970116,1.5861285504857725,81.74111508497792,16.672756364536305,86052
26-09-2020,4849584,93379,5903932,5903921.0,11.0,960969,1.5816408454568922,82.1415964818023,16.276762672740812,85362
27-09-2020,4941627,94503,5992532,5992532.0,0.0,956402,1.5770128553339389,82.46308905818108,15.959898086484978,88600
28-09-2020,5016520,95542,6074702,6074702.0,0.0,962640,1.5727849695343081,82.5805117683139,15.84670326215179,82170
29-09-2020,5101397,96318,6145291,6145285.0,6.0,947576,1.56734644461914,83.01310710916701,15.419546446213857,70589
30-09-2020,5187825,97497,6225763,6225763.0,0.0,940441,1.5660249193552662,83.32834063872974,15.105634441914992,80472
01-10-2020,5273201,98678,6312584,6312584.0,0.0,940705,1.563195040256098,83.5347458346693,14.902059125074613,86821
02-10-2020,5352078,99773,6394068,6394067.0,1.0,942217,1.5603994202126095,83.70380171121109,14.73579886857631,81484
03-10-2020,5427706,100842,6473544,6473544.0,0.0,944996,1.5577556899281135,83.8444289557621,14.597815354309787,79476
04-10-2020,5509966,101782,6549373,6549373.0,0.0,937625,1.5540724280018867,84.12967164948462,14.316255922513498,75829
05-10-2020,5586703,102685,6623815,6623815.0,0.0,934427,1.5502395522821817,84.34267865270996,14.107081795007861,74442
06-10-2020,5662490,103569,6685082,6685082.0,0.0,919023,1.5492554915556758,84.70337387035791,13.747370638086414,61267
07-10-2020,5744693,104555,6757131,6757131.0,0.0,907883,1.547328296580309,85.01674749238988,13.435924211029798,72049
08-10-2020,5827704,105526,6835655,6835655.0,0.0,902425,1.5437584254910466,85.25450743198714,13.20173414252182,78524
09-10-2020,5906069,106490,6906151,6906150.0,1.0,893592,1.5419587553182663,85.51896707731991,12.93907416736182,70496
10-10-2020,5988822,107416,6979423,6979414.0,9.0,883185,1.5390383990195178,85.80683532148717,12.654126279493305,73272
11-10-2020,6077976,108334,7053806,7053806.0,0.0,867496,1.5358233555048153,86.16590816362117,12.298268480874015,74383
12-10-2020,6149535,109150,7120538,7120538.0,0.0,861853,1.5328897900692335,86.36334782568396,12.103762384246808,66732
13-10-2020,6227295,109856,7175880,7175880.0,0.0,838729,1.5309063139294414,86.78092443017442,11.688169255896142,55342
14-10-2020,6301927,110586,7239389,7239389.0,0.0,826876,1.5275598534627715,87.05053699973851,11.421903146798714,63509
15-10-2020,6383441,111266,7307097,7307097.0,0.0,812390,1.5227114133013424,87.35946710437813,11.117821482320544,67708
16-10-2020,6453779,112161,7370468,7370468.0,0.0,804528,1.521762254445715,87.56267580294765,10.91556194260663,63371
17-10-2020,6524595,112998,7432680,7432680.0,0.0,795087,1.5202860879252167,87.78253604352669,10.697177868548087,62212
18-10-2020,6597209,114031,7494551,7494550.0,1.0,783311,1.5215187674351671,88.0267410282484,10.451740204316442,61871
19-10-2020,6663608,114610,7550273,7550273.0,0.0,772055,1.5179583572673465,88.25651734712109,10.225524295611562,55722
20-10-2020,6733328,115197,7597063,7597063.0,0.0,748538,1.5163359840506785,88.6306721426425,9.852991873306829,46790
21-10-2020,6795103,115914,7651107,7651101.0,6.0,740090,1.5149964573753838,88.81202419466882,9.672979347955794,54044
22-10-2020,6874518,116616,7706946,7706946.0,0.0,715812,1.5131285466383182,89.19899010580845,9.287881347553233,55839
23-10-2020,6948497,117306,7761312,7761312.0,0.0,695509,1.5114197187279677,89.52735053042579,8.961229750846249,54366
24-10-2020,7016046,117956,7814682,7814681.0,1.0,680680,1.5094152263649372,89.7803135175558,8.710271256079261,53370
25-10-2020,7078123,118534,7864811,7864811.0,0.0,668154,1.5071436554546573,89.9973692946976,8.495487049847734,50129
26-10-2020,7137228,119014,7909959,7909959.0,0.0,653717,1.5046095687727332,90.2309101728593,8.264480258367964,45148
27-10-2020,7201070,119502,7946429,7946429.0,0.0,625857,1.5038453121521629,90.62020185419136,7.875952833656476,36470
