Date,Time,Cured,Deaths,Confirmed,Total_Confirmed_cases_Indian_National,Total_Confirmed_cases_Foreign_National,Active cases,%Death rate,%Cure rate,%Active rate,Daily_cases
09-03-2020,6:00 PM,0,0,1,-13.0,14.0,1,0.0,0.0,100.0,1
10-03-2020,6:00 PM,0,0,4,4.0,0.0,4,0.0,0.0,100.0,4
11-03-2020,6:00 PM,0,0,4,4.0,0.0,4,0.0,0.0,100.0,4
12-03-2020,6:00 PM,0,0,4,4.0,0.0,4,0.0,0.0,100.0,4
13-03-2020,6:00 PM,0,1,6,6.0,0.0,5,16.666666666666664,0.0,83.33333333333334,6
14-03-2020,6:00 PM,0,1,6,6.0,0.0,5,16.666666666666664,0.0,83.33333333333334,6
15-03-2020,6:00 PM,0,1,6,6.0,0.0,5,16.666666666666664,0.0,83.33333333333334,6
16-03-2020,6:00 PM,0,1,6,6.0,0.0,5,16.666666666666664,0.0,83.33333333333334,6
17-03-2020,6:00 PM,0,1,11,11.0,0.0,10,9.090909090909092,0.0,90.9090909090909,11
18-03-2020,6:00 PM,0,1,11,11.0,0.0,10,9.090909090909092,0.0,90.9090909090909,11
19-03-2020,6:00 PM,0,1,14,14.0,0.0,13,7.142857142857142,0.0,92.85714285714286,14
20-03-2020,6:00 PM,1,1,15,15.0,0.0,13,6.666666666666667,6.666666666666667,86.66666666666667,15
21-03-2020,6:00 PM,1,1,15,15.0,0.0,13,6.666666666666667,6.666666666666667,86.66666666666667,15
22-03-2020,6:00 PM,2,1,26,26.0,0.0,23,3.8461538461538463,7.6923076923076925,88.46153846153845,26
23-03-2020,6:00 PM,2,1,33,33.0,0.0,30,3.0303030303030303,6.0606060606060606,90.9090909090909,33
24-03-2020,6:00 PM,3,1,37,37.0,0.0,33,2.7027027027027026,8.108108108108109,89.1891891891892,37
25-03-2020,6:00 PM,3,1,41,41.0,0.0,37,2.4390243902439024,7.317073170731707,90.2439024390244,41
26-03-2020,6:00 PM,3,2,55,55.0,0.0,50,3.6363636363636362,5.454545454545454,90.9090909090909,55
27-03-2020,10:00 AM,3,2,55,55.0,0.0,50,3.6363636363636362,5.454545454545454,90.9090909090909,55
28-03-2020,6:00 PM,3,2,55,55.0,0.0,50,3.6363636363636362,5.454545454545454,90.9090909090909,55
29-03-2020,7:30 PM,5,3,76,76.0,0.0,68,3.9473684210526314,6.578947368421052,89.47368421052632,76
30-03-2020,9:30 PM,5,3,83,83.0,0.0,75,3.614457831325301,6.024096385542169,90.36144578313254,83
31-03-2020,8:30 PM,5,3,83,83.0,0.0,75,3.614457831325301,6.024096385542169,90.36144578313254,83
01-04-2020,7:30 PM,8,3,101,101.0,0.0,90,2.9702970297029703,7.920792079207921,89.10891089108911,101
02-04-2020,6:00 PM,9,3,110,110.0,0.0,98,2.727272727272727,8.181818181818182,89.0909090909091,110
03-04-2020,6:00 PM,10,3,124,124.0,0.0,111,2.4193548387096775,8.064516129032258,89.51612903225806,124
04-04-2020,6:00 PM,12,3,128,128.0,0.0,113,2.34375,9.375,88.28125,128
05-04-2020,6:00 PM,12,4,144,144.0,0.0,128,2.7777777777777777,8.333333333333332,88.88888888888889,144
06-04-2020,6:00 PM,12,4,151,151.0,0.0,135,2.6490066225165565,7.9470198675496695,89.40397350993378,151
07-04-2020,6:00 PM,25,4,175,175.0,0.0,146,2.2857142857142856,14.285714285714285,83.42857142857143,175
08-04-2020,5:00 PM,25,4,175,175.0,0.0,146,2.2857142857142856,14.285714285714285,83.42857142857143,175
09-04-2020,5:00 PM,28,5,181,181.0,0.0,148,2.7624309392265194,15.469613259668508,81.76795580110497,181
10-04-2020,5:00 PM,30,6,197,197.0,0.0,161,3.0456852791878175,15.228426395939088,81.7258883248731,197
11-04-2020,5:00 PM,37,6,214,214.0,0.0,171,2.803738317757009,17.289719626168225,79.90654205607477,214
12-04-2020,5:00 PM,37,6,226,226.0,0.0,183,2.6548672566371683,16.371681415929203,80.97345132743364,226
13-04-2020,5:00 PM,59,6,247,247.0,0.0,182,2.42914979757085,23.88663967611336,73.68421052631578,247
14-04-2020,5:00 PM,65,9,258,258.0,0.0,184,3.488372093023256,25.1937984496124,71.31782945736434,258
15-04-2020,5:00 PM,75,11,277,277.0,0.0,191,3.9711191335740073,27.075812274368232,68.95306859205776,277
16-04-2020,5:00 PM,82,13,315,315.0,0.0,220,4.1269841269841265,26.031746031746035,69.84126984126983,315
17-04-2020,5:00 PM,82,13,353,353.0,0.0,258,3.6827195467422094,23.229461756373937,73.08781869688386,353
18-04-2020,5:00 PM,92,13,371,371.0,0.0,266,3.5040431266846364,24.797843665768195,71.69811320754717,371
19-04-2020,5:00 PM,104,14,384,384.0,0.0,266,3.6458333333333335,27.083333333333332,69.27083333333334,384
20-04-2020,5:00 PM,111,16,395,395.0,0.0,268,4.050632911392405,28.10126582278481,67.84810126582278,395
21-04-2020,5:00 PM,114,17,415,415.0,0.0,284,4.096385542168675,27.469879518072286,68.43373493975903,415
22-04-2020,5:00 PM,129,17,425,425.0,0.0,279,4.0,30.352941176470587,65.64705882352942,425
23-04-2020,5:00 PM,141,17,443,443.0,0.0,285,3.837471783295711,31.82844243792325,64.33408577878103,443
24-04-2020,5:00 PM,150,18,463,463.0,0.0,295,3.8876889848812093,32.39740820734342,63.714902807775374,463
25-04-2020,5:00 PM,153,18,489,489.0,0.0,318,3.6809815950920246,31.28834355828221,65.03067484662577,489
26-04-2020,5:00 PM,177,18,501,501.0,0.0,306,3.592814371257485,35.32934131736527,61.07784431137725,501
27-04-2020,5:00 PM,188,20,511,511.0,0.0,303,3.9138943248532287,36.79060665362035,59.295499021526425,511
28-04-2020,5:00 PM,198,20,520,520.0,0.0,302,3.8461538461538463,38.07692307692307,58.07692307692308,520
29-04-2020,5:00 PM,215,20,532,532.0,0.0,297,3.7593984962406015,40.41353383458647,55.82706766917293,532
30-04-2020,5:00 PM,223,21,557,557.0,0.0,313,3.7701974865350087,40.035906642728904,56.193895870736085,557
01-05-2020,5:00 PM,235,22,576,576.0,0.0,319,3.8194444444444446,40.79861111111111,55.38194444444444,576
02-05-2020,5:00 PM,251,22,589,589.0,0.0,316,3.7351443123938877,42.61460101867572,53.65025466893039,589
03-05-2020,5:00 PM,282,25,606,606.0,0.0,299,4.125412541254125,46.53465346534654,49.339933993399335,606
04-05-2020,5:00 PM,304,26,642,642.0,0.0,312,4.049844236760125,47.35202492211838,48.598130841121495,642
05-05-2020,5:00 PM,324,28,659,659.0,0.0,307,4.24886191198786,49.165402124430955,46.58573596358118,659
06-05-2020,8:00 AM,331,29,671,671.0,0.0,311,4.321907600596125,49.32935916542474,46.34873323397913,671
07-05-2020,8:00 AM,354,29,693,693.0,0.0,310,4.184704184704184,51.082251082251084,44.733044733044736,693
08-05-2020,8:00 AM,366,30,705,705.0,0.0,309,4.25531914893617,51.91489361702127,43.829787234042556,705
09-05-2020,8:00 AM,376,30,753,753.0,0.0,347,3.9840637450199203,49.933598937583,46.08233731739708,753
10-05-2020,8:00 AM,386,30,794,794.0,0.0,378,3.7783375314861463,48.614609571788414,47.607052896725435,794
11-05-2020,8:00 AM,424,31,848,848.0,0.0,393,3.6556603773584904,50.0,46.34433962264151,848
12-05-2020,8:00 AM,426,31,862,862.0,0.0,405,3.596287703016241,49.419953596287705,46.98375870069606,862
13-05-2020,8:00 AM,433,31,925,925.0,0.0,461,3.3513513513513513,46.81081081081081,49.83783783783784,925
14-05-2020,8:00 AM,451,33,959,959.0,0.0,475,3.441084462982273,47.028154327424396,49.53076120959333,959
15-05-2020,8:00 AM,460,35,987,987.0,0.0,492,3.546099290780142,46.605876393110435,49.848024316109424,987
16-05-2020,8:00 AM,480,36,1056,1056.0,0.0,540,3.4090909090909087,45.45454545454545,51.13636363636363,1056
17-05-2020,8:00 AM,496,36,1092,1092.0,0.0,560,3.296703296703297,45.42124542124542,51.28205128205128,1092
18-05-2020,8:00 AM,509,37,1147,1147.0,0.0,601,3.225806451612903,44.376634699215344,52.39755884917175,1147
19-05-2020,8:00 AM,530,37,1246,1246.0,0.0,679,2.9695024077046552,42.53611556982344,54.49438202247191,1246
20-05-2020,8:00 AM,544,40,1397,1397.0,0.0,813,2.863278453829635,38.94058697208303,58.19613457408733,1397
21-05-2020,8:00 AM,556,41,1462,1462.0,0.0,865,2.80437756497948,38.03009575923393,59.165526675786595,1462
22-05-2020,8:00 AM,571,41,1605,1605.0,0.0,993,2.554517133956386,35.57632398753894,61.86915887850467,1605
23-05-2020,8:00 AM,597,41,1743,1743.0,0.0,1105,2.352266207687894,34.251290877796905,63.396442914515205,1743
24-05-2020,8:00 AM,608,42,1959,1959.0,0.0,1309,2.1439509954058193,31.03624298111281,66.81980602348136,1959
25-05-2020,8:00 AM,654,42,2089,2089.0,0.0,1393,2.010531354715175,31.306845380564862,66.68262326471996,2089
26-05-2020,8:00 AM,705,44,2182,2182.0,0.0,1433,2.016498625114574,32.30980751604033,65.6736938588451,2182
27-05-2020,8:00 AM,748,44,2283,2283.0,0.0,1491,1.9272886552781427,32.763907139728424,65.30880420499344,2283
28-05-2020,8:00 AM,781,47,2418,2418.0,0.0,1590,1.943755169561621,32.29942100909843,65.75682382133995,2418
29-05-2020,8:00 AM,834,47,2533,2533.0,0.0,1652,1.8555073035925778,32.9253849190683,65.21910777733912,2533
30-05-2020,8:00 AM,894,48,2781,2781.0,0.0,1839,1.7259978425026967,32.14670981661273,66.12729234088457,2781
31-05-2020,8:00 AM,997,48,2922,2922.0,0.0,1877,1.642710472279261,34.120465434633815,64.23682409308694,2922
01-06-2020,8:00 AM,1218,51,3221,3221.0,0.0,1952,1.5833592052157717,37.81434337162372,60.602297423160515,3221
02-06-2020,8:00 AM,1328,52,3408,3408.0,0.0,2028,1.5258215962441315,38.967136150234744,59.50704225352113,3408
03-06-2020,8:00 AM,1403,52,3796,3796.0,0.0,2341,1.36986301369863,36.95995785036881,61.67017913593256,3796
04-06-2020,8:00 AM,1514,53,4063,4063.0,0.0,2496,1.3044548363278365,37.263106079251784,61.43243908442037,4063
05-06-2020,8:00 AM,1610,57,4320,4320.0,0.0,2653,1.3194444444444444,37.26851851851852,61.41203703703704,4320
06-06-2020,8:00 AM,1688,57,4835,4835.0,0.0,3090,1.1789038262668046,34.91209927611168,63.908996897621506,4835
07-06-2020,8:00 AM,1968,59,5213,5213.0,0.0,3186,1.1317859198158449,37.751774410128526,61.116439670055634,5213
08-06-2020,8:00 AM,2132,61,5452,5452.0,0.0,3259,1.1188554658840792,39.10491562729273,59.77622890682318,5452
09-06-2020,8:00 AM,2519,64,5760,5760.0,0.0,3177,1.1111111111111112,43.732638888888886,55.15624999999999,5760
10-06-2020,8:00 AM,2604,66,5921,5921.0,0.0,3251,1.114676574902888,43.97905759162304,54.90626583347408,5921
11-06-2020,8:00 AM,2862,69,6041,6041.0,0.0,3110,1.1421950008276776,47.376262208243666,51.48154279092866,6041
12-06-2020,8:00 AM,2977,72,6245,6245.0,0.0,3196,1.1529223378702964,47.670136108887114,51.17694155324259,6245
13-06-2020,8:00 AM,3440,79,6516,6516.0,0.0,2997,1.212400245549417,52.79312461632904,45.99447513812155,6516
14-06-2020,8:00 AM,3648,81,6824,6824.0,0.0,3095,1.1869871043376319,53.458382180539274,45.35463071512309,6824
15-06-2020,8:00 AM,3955,86,7000,7000.0,0.0,2959,1.2285714285714284,56.49999999999999,42.27142857142857,7000
16-06-2020,8:00 AM,4135,89,7213,7213.0,0.0,2989,1.2338832663246915,57.32704838486067,41.43906834881464,7213
17-06-2020,8:00 AM,4456,94,7530,7530.0,0.0,2980,1.248339973439575,59.17662682602922,39.57503320053121,7530
18-06-2020,8:00 AM,4804,102,7734,7734.0,0.0,2828,1.3188518231186968,62.11533488492371,36.56581329195759,7734
19-06-2020,8:00 AM,4983,114,7944,7944.0,0.0,2847,1.4350453172205437,62.726586102719025,35.838368580060425,7944
20-06-2020,8:00 AM,5210,124,8281,8281.0,0.0,2947,1.497403695205893,62.915106871150826,35.587489433643285,8281
21-06-2020,8:00 AM,5391,132,8697,8697.0,0.0,3174,1.517764746464298,61.98689203173509,36.49534322180062,8697
22-06-2020,8:00 AM,5618,137,9150,9150.0,0.0,3395,1.4972677595628414,61.39890710382514,37.10382513661202,9150
23-06-2020,8:00 AM,5730,142,9399,9399.0,0.0,3527,1.5107990211724651,60.96393233322694,37.5252686456006,9399
24-06-2020,8:00 AM,6004,150,9721,9721.0,0.0,3567,1.5430511264273221,61.76319308713095,36.69375578644172,9721
25-06-2020,8:00 AM,6151,164,10118,10118.0,0.0,3803,1.6208736904526586,60.792646768135995,37.58647954141134,10118
26-06-2020,8:00 AM,6670,170,10560,10560.0,0.0,3720,1.6098484848484849,63.16287878787878,35.22727272727273,10560
27-06-2020,8:00 AM,6916,180,11005,11005.0,0.0,3909,1.635620172648796,62.84416174466152,35.52021808268969,11005
28-06-2020,8:00 AM,7287,191,11923,11923.0,0.0,4445,1.6019458190052838,61.11716849786127,37.28088568313344,11923
29-06-2020,8:00 AM,7507,207,13190,13190.0,0.0,5476,1.5693707354056101,56.91432903714936,41.516300227445036,13190
30-06-2020,8:00 AM,7683,226,14295,14295.0,0.0,6386,1.5809723679608256,53.746065057712485,44.67296257432668,14295
01-07-2020,8:00 AM,7918,246,15242,15242.0,0.0,7078,1.6139614223855137,51.94856318068495,46.43747539692954,15242
02-07-2020,8:00 AM,8063,253,16514,16514.0,0.0,8198,1.532033426183844,48.825239190989464,49.64272738282669,16514
03-07-2020,8:00 AM,8334,272,18016,18016.0,0.0,9410,1.5097690941385435,46.2588809946714,52.23134991119005,18016
04-07-2020,8:00 AM,8805,293,19710,19710.0,0.0,10612,1.4865550481988838,44.67275494672755,53.84069000507357,19710
05-07-2020,8:00 AM,9244,335,21549,21549.0,0.0,11970,1.554596500997726,42.89758225439695,55.54782124460532,21549
06-07-2020,8:00 AM,9847,372,23474,23474.0,0.0,13255,1.584732043963534,41.948538808894945,56.466729147141514,23474
07-07-2020,8:00 AM,10527,401,25317,25317.0,0.0,14389,1.5839159458071652,41.580756013745706,56.83532804044713,25317
08-07-2020,8:00 AM,11098,416,26815,26815.0,0.0,15301,1.551370501584934,41.38728323699422,57.061346261420844,26815
09-07-2020,8:00 AM,11876,470,28877,28877.0,0.0,16531,1.6275928939986841,41.12615576410292,57.2462513418984,28877
10-07-2020,8:00 AM,12833,486,31105,31105.0,0.0,17786,1.562449766918502,41.25703263140974,57.18051760167175,31105
11-07-2020,8:00 AM,13836,543,33418,33418.0,0.0,19039,1.624872823029505,41.40283679454186,56.97229038242864,33418
12-07-2020,8:00 AM,14716,613,36216,36216.0,0.0,20887,1.6926220455047492,40.633973934172744,57.67340402032251,36216
13-07-2020,8:00 AM,15409,684,38843,38843.0,0.0,22750,1.7609350462116726,39.669953402157404,58.569111551630925,38843
14-07-2020,8:00 AM,16248,757,41581,41581.0,0.0,24576,1.820543036483009,39.07553930881893,59.10391765469806,41581
15-07-2020,8:00 AM,17390,842,44077,44077.0,0.0,25845,1.9102933502733854,39.453683326905185,58.63602332282143,44077
16-07-2020,8:00 AM,18466,928,47253,47253.0,0.0,27859,1.9638964721816605,39.07900027511481,58.95710325270353,47253
17-07-2020,8:00 AM,19729,1032,51422,51422.0,0.0,30661,2.00692310684143,38.366846874878455,59.62623001828011,51422
18-07-2020,8:00 AM,20757,1147,55115,55115.0,0.0,33211,2.0811031479633493,37.66125374217545,60.257643109861206,55115
19-07-2020,8:00 AM,21775,1240,59652,59652.0,0.0,36637,2.078723261583853,36.50338630724871,61.417890431167436,59652
20-07-2020,8:00 AM,23065,1331,63772,63772.0,0.0,39376,2.0871228752430535,36.167910681803924,61.74496644295302,63772
21-07-2020,8:00 AM,23795,1403,67420,67420.0,0.0,42222,2.0809848709581726,35.29368140017799,62.62533372886384,67420
22-07-2020,8:00 AM,25459,1464,71069,71069.0,0.0,44146,2.0599698884182978,35.822932642924485,62.11709746865722,71069
23-07-2020,8:00 AM,27239,1519,75833,75833.0,0.0,47075,2.0030857278493532,35.91971832843222,62.077195943718436,75833
24-07-2020,8:00 AM,29310,1616,80863,80863.0,0.0,49937,1.9984418089855682,36.24649097856869,61.755067212445745,80863
25-07-2020,8:00 AM,31347,1724,85870,85870.0,0.0,52799,2.007686037032724,36.50518225224177,61.48713171072552,85870
26-07-2020,8:00 AM,33750,1796,90942,90942.0,0.0,55396,1.9748850915968421,37.111565613248004,60.91354929515516,90942
27-07-2020,8:00 AM,35838,1878,96141,96141.0,0.0,58425,1.9533809716978188,37.27650014041876,60.77011888788342,96141
28-07-2020,8:00 AM,37685,1953,101465,101465.0,0.0,61827,1.9248016557433598,37.14088601980979,60.93431232444685,101465
29-07-2020,8:00 AM,40504,2055,107001,107001.0,0.0,64442,1.920542798665433,37.85385183316044,60.22560536817413,107001
30-07-2020,8:00 AM,42901,2147,112504,112504.0,0.0,67456,1.9083765910545403,38.13286638697291,59.95875702197255,112504
31-07-2020,8:00 AM,46694,2230,118632,118632.0,0.0,69708,1.8797626272843753,39.360374940994,58.75986243172162,118632
01-08-2020,8:00 AM,49788,2314,124115,124115.0,0.0,72013,1.864399951657737,40.11441002296257,58.02119002537969,124115
02-08-2020,8:00 AM,53648,2412,129287,129287.0,0.0,73227,1.8656168060207134,41.49527794751213,56.63910524646716,129287
03-08-2020,8:00 AM,57725,2496,134819,134819.0,0.0,74598,1.8513710975455981,42.81666530681878,55.33196359563563,134819
04-08-2020,8:00 AM,62500,2594,139571,139571.0,0.0,74477,1.8585522780520307,44.78007609030529,53.361371631642676,139571
05-08-2020,8:00 AM,69272,2704,145830,145830.0,0.0,73854,1.854213810601385,47.50188575738874,50.64390043200987,145830
06-08-2020,8:00 AM,74679,2804,151449,151449.0,0.0,73966,1.8514483423462684,49.30966860131134,48.8388830563424,151449
07-08-2020,8:00 AM,80281,2897,158254,158254.0,0.0,75076,1.8306014381942952,50.729207476588265,47.440191085217435,158254
08-08-2020,8:00 AM,84232,2998,164924,164924.0,0.0,77694,1.8178069898862508,51.07322160510296,47.10897140501079,164924
09-08-2020,8:00 AM,89238,3091,172102,172102.0,0.0,79773,1.7960279369211283,51.851808811053914,46.352163252024965,172102
10-08-2020,8:00 AM,93908,3198,178087,178087.0,0.0,80981,1.7957515147091028,52.73153009484128,45.472718390449614,178087
11-08-2020,8:00 AM,99126,3312,182354,182354.0,0.0,79916,1.8162475185627955,54.359103721333234,43.824648760103976,182354
12-08-2020,8:00 AM,105599,3398,188611,188611.0,0.0,79614,1.8015916356946309,55.98772075859838,42.21068760570699,188611
13-08-2020,8:00 AM,112633,3510,196494,196494.0,0.0,80351,1.7863140859262878,57.321343145337764,40.892342768735936,196494
14-08-2020,8:00 AM,121242,3613,203200,203200.0,0.0,78345,1.7780511811023623,59.66633858267717,38.555610236220474,203200
15-08-2020,8:00 AM,128182,3717,211108,211108.0,0.0,79209,1.760710157833905,60.718684275347215,37.52060556681888,211108
16-08-2020,8:00 AM,134811,3831,219926,219926.0,0.0,81284,1.7419495648536325,61.29834580722606,36.959704627920296,219926
17-08-2020,8:00 AM,141491,3947,226966,226966.0,0.0,81528,1.73902699082682,62.34017429923424,35.920798709938936,226966
18-08-2020,8:00 AM,148562,4062,233283,233283.0,0.0,80659,1.7412327516364245,63.683165940081366,34.57560130828222,233283
19-08-2020,8:00 AM,156949,4201,240948,240948.0,0.0,79798,1.7435297242558558,65.13812108836761,33.11834918737653,240948
20-08-2020,8:00 AM,164150,4327,249590,249590.0,0.0,81113,1.733643174806683,65.76785928923434,32.49849753595897,249590
21-08-2020,8:00 AM,170381,4429,256975,256975.0,0.0,82165,1.7235139605019945,66.30255861465123,31.973927424846778,256975
22-08-2020,8:00 AM,176942,4522,264546,264546.0,0.0,83082,1.7093435546181004,66.88515418868552,31.405502256696376,264546
23-08-2020,8:00 AM,184568,4615,271876,271876.0,0.0,82693,1.6974650208183142,67.88683076108227,30.415704218099428,271876
24-08-2020,8:00 AM,189564,4683,277814,277814.0,0.0,83567,1.6856601899112356,68.23414226784827,30.080197542240494,277814
25-08-2020,8:00 AM,197625,4810,283665,283665.0,0.0,81230,1.6956621366753035,69.66844693564592,28.635890927678776,283665
26-08-2020,8:00 AM,204439,4958,291826,291826.0,0.0,82429,1.6989575980207383,70.05510132750338,28.245941074475887,291826
27-08-2020,8:00 AM,211688,5091,300406,300406.0,0.0,83627,1.6947064972071129,70.46730091942239,27.837992583370507,300406
28-08-2020,8:00 AM,219554,5232,309792,309792.0,0.0,85006,1.6888751162070035,70.87142340667286,27.43970147712013,309792
29-08-2020,8:00 AM,227018,5368,318752,318752.0,0.0,86366,1.6840678646722216,71.22088645718301,27.095045678144764,318752
30-08-2020,8:00 AM,235128,5483,327076,327076.0,0.0,86465,1.6763687950201178,71.88787926964987,26.435751935330014,327076
31-08-2020,8:00 AM,242229,5589,335928,335928.0,0.0,88110,1.6637493748660428,72.10741587483031,26.228834750303637,335928
01-09-2020,8:00 AM,249467,5702,342423,342423.0,0.0,87254,1.6651918825546181,72.85345902582479,25.481349091620597,342423
02-09-2020,8:00 AM,254626,5837,351481,351481.0,0.0,91018,1.6606872064208307,72.44374518110509,25.895567612474075,351481
03-09-2020,8:00 AM,260913,5950,361341,361341.0,0.0,94478,1.6466440287706072,72.20686276951687,26.146493201712513,361341
04-09-2020,8:00 AM,268035,6054,370206,370206.0,0.0,96117,1.6353057486912692,72.4015818220126,25.96311242929612,370206
05-09-2020,8:00 AM,274196,6170,379486,379486.0,0.0,99120,1.6258834317998554,72.25457592638463,26.119540641815508,379486
06-09-2020,8:00 AM,283298,6298,389232,389232.0,0.0,99636,1.6180581247173924,72.78384099971225,25.598100875570356,389232
07-09-2020,8:00 AM,292873,6393,398551,398551.0,0.0,99285,1.6040607099216915,73.48444741074542,24.911491879332885,398551
08-09-2020,8:00 AM,300770,6534,404324,404324.0,0.0,97020,1.6160307080460223,74.38836180884637,23.995607483107605,404324
09-09-2020,8:00 AM,308573,6680,412190,412190.0,0.0,96937,1.6206118537567629,74.86183556127028,23.51755258497295,412190
10-09-2020,8:00 AM,315433,6808,421730,421730.0,0.0,99489,1.6143029900647334,74.7950110260119,23.59068598392336,421730
11-09-2020,8:00 AM,322454,6937,430947,430947.0,0.0,101556,1.6097107068850696,74.82451438343926,23.565774909675667,430947
12-09-2020,8:00 AM,334999,7067,440411,440411.0,0.0,98345,1.6046374863479793,76.06508465955663,22.330277854095378,440411
13-09-2020,8:00 AM,344556,7161,449551,449551.0,0.0,97834,1.5929227162212962,76.64447415309942,21.762603130679278,449551
14-09-2020,8:00 AM,352958,7265,459445,459445.0,0.0,99222,1.5812556453982523,76.82268824342412,21.596056111177617,459445
15-09-2020,8:00 AM,361823,7384,467689,467689.0,0.0,98482,1.5788269555195868,77.36401754157143,21.057155502908984,467689
16-09-2020,8:00 AM,369229,7481,475265,475265.0,0.0,98555,1.5740692034969965,77.68907872450107,20.736852072001934,475265
17-09-2020,8:00 AM,375809,7536,484990,484990.0,0.0,101645,1.553846471061259,77.48798944308129,20.95816408585744,484990
18-09-2020,8:00 AM,383077,7629,494356,494356.0,0.0,103650,1.543219865845666,77.4901083429755,20.966671791178825,494356
19-09-2020,8:00 AM,394026,7808,502982,502982.0,0.0,101148,1.552341833306162,78.33799221443311,20.109665952260716,502982
20-09-2020,8:00 AM,404841,7922,511346,511346.0,0.0,98583,1.5492445428340107,79.17163720846551,19.279118248700488,511346
21-09-2020,8:00 AM,413452,8023,519537,519537.0,0.0,98062,1.5442596003749494,79.58085757126057,18.874882828364488,519537
22-09-2020,8:00 AM,423377,8145,526876,526876.0,0.0,95354,1.5459045392084665,80.35609896825818,18.097996492533348,526876
23-09-2020,8:00 AM,432450,8228,533850,533850.0,0.0,93172,1.5412569073709843,81.00590053385783,17.452842558771188,533850
24-09-2020,8:00 AM,437910,8266,540847,540847.0,0.0,94671,1.528343505649472,80.96744550676995,17.50421098758059,540847
25-09-2020,8:00 AM,444658,8331,548557,548557.0,0.0,95568,1.5187118202848564,81.05957995249355,17.421708227221604,548557
26-09-2020,8:00 AM,450302,8417,557212,557212.0,0.0,98493,1.5105561258551503,80.8134067464448,17.67603712770005,557212
27-09-2020,8:00 AM,455719,8503,566023,566023.0,0.0,101801,1.502235774871339,80.51245267418462,17.985311550944044,566023
28-09-2020,8:00 AM,462241,8582,575566,575566.0,0.0,104743,1.491054023343978,80.31068548176926,18.19826049488677,575566
29-09-2020,8:00 AM,469750,8641,582458,582458.0,0.0,104067,1.4835404441178592,80.64959190190537,17.86686765397677,582458
30-09-2020,8:00 AM,476378,8777,592911,592911.0,0.0,107756,1.4803233537579839,80.34561679577543,18.174059850466595,592911
01-10-2020,8:00 AM,485268,8864,601767,601767.0,0.0,107635,1.472995361992266,80.64051368719122,17.886490950816512,601767
02-10-2020,8:00 AM,492412,8994,611837,611837.0,0.0,110431,1.4699993625753265,80.4809123998712,18.049088237553466,611837
03-10-2020,8:00 AM,499506,9119,620630,620630.0,0.0,112005,1.4693134395694698,80.48370204469651,18.046984515734014,620630
04-10-2020,8:00 AM,508495,9219,630516,630516.0,0.0,112802,1.4621357745084977,80.64743797143926,17.890426254052237,630516
05-10-2020,8:00 AM,515782,9286,640661,640661.0,0.0,115593,1.4494404997338686,80.50778805015445,18.04277145011168,640661
06-10-2020,8:00 AM,522846,9370,647712,647712.0,0.0,115496,1.4466306012548786,80.72198755002223,17.831381848722888,647712
07-10-2020,8:00 AM,533074,9461,657705,657705.0,0.0,115170,1.4384868596103118,81.05062299967311,17.510890140716583,657705
08-10-2020,8:00 AM,542906,9574,668652,668652.0,0.0,116172,1.4318359924145894,81.19410395841184,17.37406004917356,668652
09-10-2020,8:00 AM,552519,9675,679356,679356.0,0.0,117162,1.4241428647130518,81.32981823962695,17.246038895660007,679356
10-10-2020,8:00 AM,561610,9789,690269,690269.0,0.0,118870,1.418142782016866,81.36103461114436,17.220822606838784,690269
11-10-2020,8:00 AM,569947,9891,700786,700786.0,0.0,120948,1.4114151823809267,81.32967838969385,17.258906427925215,700786
12-10-2020,8:00 AM,580054,9966,710309,710309.0,0.0,120289,1.4030513480752742,81.662206166612,16.93474248531273,710309
13-10-2020,8:00 AM,592084,10036,717915,717915.0,0.0,115795,1.3979370816879435,82.4727161293468,16.129346788965268,717915
14-10-2020,8:00 AM,602505,10123,726106,726106.0,0.0,113478,1.394149063635337,82.97755424139174,15.62829669497291,726106
15-10-2020,8:00 AM,611167,10198,735371,735371.0,0.0,114006,1.3867829979697324,83.110022016098,15.50319498593227,735371
16-10-2020,8:00 AM,620008,10283,743848,743848.0,0.0,113557,1.3824060829631861,83.3514373904346,15.26615652660221,743848
17-10-2020,8:00 AM,628588,10356,751390,751390.0,0.0,112446,1.3782456513927521,83.65668960193774,14.965064746669507,751390
18-10-2020,8:00 AM,637481,10427,758574,758574.0,0.0,110666,1.3745527792937802,84.03675844413333,14.588688776572885,758574
19-10-2020,8:00 AM,645825,10478,765586,765586.0,0.0,109283,1.368624818113184,84.3569501009684,14.274425080918407,765586
20-10-2020,8:00 AM,653829,10542,770604,770604.0,0.0,106233,1.3680178145973807,84.84630238098946,13.785679804413162,770604
21-10-2020,8:00 AM,662329,10608,776901,776901.0,0.0,103964,1.3654249383126034,85.25268985366218,13.381885208025219,776901
22-10-2020,8:00 AM,671618,10696,782773,782773.0,0.0,100459,1.366424237933603,85.79984235531884,12.83373340674755,782773
23-10-2020,8:00 AM,684835,10770,788551,788551.0,0.0,92946,1.3657962516057933,86.84726796364471,11.786935784749495,788551
24-10-2020,8:00 AM,693584,10821,793907,793907.0,0.0,89502,1.3630059944048862,87.36338135323155,11.273612652363564,793907
25-10-2020,8:00 AM,700737,10873,798378,798378.0,0.0,86768,1.3618862243198084,87.77007883483763,10.868034940842557,798378
26-10-2020,8:00 AM,710843,10905,802817,802817.0,0.0,81069,1.3583419384492357,88.54359088061165,10.098067180939118,802817
27-10-2020,8:00 AM,719558,10947,805947,805947.0,0.0,75442,1.3582779016486195,89.28105694295034,9.360665155401037,805947
